id,country_code,year,GDP (constant 2015 US$),gdp,GDP growth (annual %),inflation_rate,trade_balance,Trade in services (% of GDP)
1,ABW,2021,2958411905.44105,2929446578.25104,24.1326273569798,-4.91262490390014,147.015576101595,101.195726912403
2,ABW,2022,3210407008.76028,3279343543.60416,8.51791810517545,3.15727939363973,172.884171078304,113.001286830785
3,ABW,2023,3347289755.67821,3648573136.15155,4.26371941452948,6.70946117676064,169.798282934344,
4,AFE,2021,1004645882051.53,1085745178850.97,4.57639280212379,6.22269912307469,55.5623957956905,8.40153034013552
5,AFE,2022,1040349774688.04,1191423176242.96,3.5538783639465,9.35876732357862,58.5361627735347,10.1120107441862
6,AFE,2023,1064487323079.33,1245472471675.95,2.32013780158928,7.80122989057329,56.8723924609556,10.4441941989972
7,AFG,2021,16345202562.5485,14259995441.0759,-20.7388393676343,2.83899625081041,51.4117163747271,
8,AFG,2022,15325233810.1388,14497243872.1337,-6.24017199240269,9.40623933931322,72.8854696086536,
9,AFG,2023,15740683549.2312,17233051620.1117,2.71088679128353,2.9616535410169,67.2733432760503,
10,AFW,2021,864618743927.334,849312422223.205,4.03762951350967,4.64220371005912,,8.73184176047744
11,AFW,2022,897385026208.953,883973910898.854,3.78967984579947,6.58712256843671,,8.42649109001042
12,AFW,2023,927489896195.979,799105950273.831,3.3547328190002,3.38669113752862,,
13,AGO,2021,82375341952.5616,66505129987.7235,1.19921052145153,38.8237218374918,74.4644985871074,10.741839537244
14,AGO,2022,84883445838.1604,104399746853.401,3.04472652391918,13.7105940226231,69.6910705054094,10.8995340229547
15,AGO,2023,85733374749.9794,84824654481.7249,1.00128936028298,17.6195377226942,67.0416886089289,10.2314902501777
16,ALB,2021,13659219676.8332,18032010563.7558,8.96955339178935,3.44439880912799,75.5903160937554,33.9021744296444
17,ALB,2022,14318507636.8055,19017242585.7803,4.82668831434437,9.86157415467682,84.6980639208685,39.6075648183932
18,ALB,2023,14882173624.9218,23547179830.4413,3.93662525742167,6.06604947510885,82.4936845982876,44.9814385777704
19,AND,2021,2893905656.78942,3324647529.381,8.28677879049404,2.5588606935971,,86.5395268201732
20,AND,2022,3170696511.92972,3380612573.32922,9.56461225648184,4.23665226454663,,94.4348906803412
21,AND,2023,3252613194.16191,3785067331.7625,2.58355480961319,6.29560082401824,,
22,ARB,2021,2766846308188.48,2969239218342.03,4.03110635309368,12.7208752145056,81.5619817577191,13.8677806572736
23,ARB,2022,2925149568927.99,3609805711776.49,5.72143310855439,14.8098061189166,88.9633218366201,14.970357863475
24,ARB,2023,2955008072441.98,3512421040998.19,1.02075134315025,0.854841037372282,90.5657752962819,17.7879062216393
25,ARE,2021,400036290943.156,415178792769.884,4.35475529921305,13.8437703394455,186.108932599898,
26,ARE,2022,430077804411.91,502731935197.487,7.50969703221836,12.6298936875673,188.945461747377,
27,ARE,2023,445641058027.777,514130432653.081,3.61870653547174,-1.30420016236501,202.332535998586,
28,ARG,2021,568636554720.066,486564085480.036,10.4418119882506,53.8020877665554,33.078689567466,4.7018601528908
29,ARG,2022,598603016935.287,632790070063.124,5.26987967384072,69.8760842459268,31.5477080051071,5.63382122630386
30,ARG,2023,588959512629.692,646075277525.125,-1.61100162090189,135.368876310592,26.6405121334437,5.98026711969411
31,ARM,2021,12633615899.6682,13878908628.9378,5.80000000065645,6.90051365787157,79.6698888228399,22.6029577373403
32,ARM,2022,14225451502.9981,19513506553.1251,12.5999999997766,7.98587852828175,101.41077826094,36.3564411379195
33,ARM,2023,15406163977.6894,24085749592.3359,8.29999999959539,2.67300354889213,119.714642963872,37.6157563165807
34,ASM,2021,651422900.763359,750000000.0,-0.782472613458523,4.8425556863277,136.8,
35,ASM,2022,662725190.839695,871000000.0,1.73501577287065,14.1527648578811,124.684270952928,
36,ATG,2021,1484148566.07947,1601366666.66667,8.1917184618173,4.91376057826946,101.122883462968,62.6144815183018
37,ATG,2022,1625386015.56633,1867733333.33333,9.51639564359461,6.49885619566375,117.630005076464,82.3104277714322
38,ATG,2023,1688158621.57823,2033085185.18518,3.86201218730389,4.80547577274675,,82.5037438448774
39,AUS,2021,1522541404227.63,1556735770437.26,2.11116814768786,3.0799498600023,40.3024802691697,5.54687583073964
40,AUS,2022,1587133480804.53,1690858246994.43,4.24238555336139,7.17553361510235,45.8217702307271,7.20382872784021
41,AUS,2023,1641762491418.85,1728057316695.61,3.44199220009025,6.51199894950456,49.2251840594381,9.59655759860039
42,AUT,2021,405817602863.188,480467037338.783,4.79532910551458,1.92612910926519,111.032268737901,28.7719535105274
43,AUT,2022,427236226636.132,471773629830.381,5.27789421203715,4.75477834804261,124.38345148483,33.7027192428651
44,AUT,2023,423156281454.21,511685203845.001,-0.954962366849259,6.64765341628686,116.813919411879,34.1417217048949
45,AZE,2021,54190732985.9123,54825411764.7059,5.61645102853028,21.5888241949245,76.286865687015,17.9016722978503
46,AZE,2022,56745718946.4579,78807470588.2353,4.71480236521231,37.2705611565603,86.9822732541779,16.2834930549284
47,AZE,2023,57383526259.1424,72356176470.5882,1.12397432709641,-9.20663944963042,83.6193503542524,20.5996622915236
48,BDI,2021,3318099327.75908,2775798697.46022,3.09999999870627,8.51671971494707,28.8186599995439,14.2892755423436
49,BDI,2022,3379450965.7308,3338722827.65691,1.84899943948213,18.3317223148693,28.315320358729,13.1243145233596
50,BDI,2023,3470696161.98259,2642161668.85211,2.70000059705133,11.3760314899613,29.5932478695071,18.3190865519463
51,BEL,2021,499595504127.06,598494036474.409,6.20255401586081,2.7426355945688,177.390305424732,45.6726621439773
52,BEL,2022,520745539238.467,593438820508.173,4.2334318336917,6.84397975156924,191.996289195725,48.073345913659
53,BEL,2023,527263714444.414,644782756682.756,1.25170063203595,4.508102848783,168.927603708475,48.4011895502039
54,BEN,2021,15779238957.7761,17690083519.9323,7.1554516457574,1.61872506665755,48.0548608324409,8.15436762219276
55,BEN,2022,16765953415.3733,17401746309.2655,6.25324491401346,4.13878000011482,50.93352007034,8.57425015591214
56,BEN,2023,17831064526.9239,19676049075.7011,6.35282160914288,3.38546435195668,51.3504650113905,
57,BFA,2021,16396850182.5889,19697516284.3787,6.94252492572348,0.112863112943955,62.4203586607795,10.0078703072852
58,BFA,2022,16642350339.7932,18820218690.5948,1.4972397409897,5.88896511236759,64.8438739203037,10.3502918267249
59,BFA,2023,17134994111.3648,20324617844.5265,2.96018147384929,1.99804752407688,64.8223211154384,
60,BGD,2021,285368829855.224,416271647911.014,6.93867912442445,4.1211747067957,27.7240047036631,4.4059072846168
61,BGD,2022,305629528154.311,460131688909.301,7.09982877575158,5.04902187883131,33.7799672705735,4.43872669638398
62,BGD,2023,323279976841.364,437415331040.994,5.77511237007889,6.89712404003441,30.9829714104596,3.97608647100017
63,BGR,2021,59718632534.0491,84417951260.8091,7.78061481406978,6.96662433933332,121.157354617771,20.6722500834981
64,BGR,2022,62130535277.7185,90642851835.8996,4.03877758301681,15.9183596891222,138.84014681798,23.2781290224622
65,BGR,2023,63302823436.9332,102407653020.606,1.88681483907177,7.98419924336682,119.668120344213,23.596468903684
66,BHR,2021,36235315986.0804,40840212765.9574,4.35004091668986,9.20840263580602,153.799316485108,58.3123642217465
67,BHR,2022,38402659963.6336,46680398936.1702,5.98130282177125,7.84929462083215,166.345617522503,54.6330496592093
68,BHR,2023,39547363674.0058,46079867021.2766,2.9807927665851,-4.14375165818939,157.831886473705,59.8809998597486
69,BHS,2021,10908986680.2055,11368900000.0,15.4031489427848,-1.07183744667745,72.9515608370203,38.4748880778792
70,BHS,2022,12085195064.0679,13136400000.0,10.7820132001503,4.30104615816353,83.1741573033708,50.0474729260682
71,BHS,2023,12404130127.1916,14338500000.0,2.63905598075102,6.34442014479342,82.7048854482687,51.2025244434198
72,BIH,2021,19454671753.5435,23672712242.2149,7.38996234012757,4.96460441570017,96.4859085777747,13.444950398351
73,BIH,2022,20276983961.3676,24534663636.1778,4.22681101095546,11.8088401064015,110.20596766123,16.0067019887196
74,BIH,2023,20725333315.9436,27514782476.0406,2.21112447211205,6.76270435629395,99.8983684696212,17.0072749454025
75,BLR,2021,60073714183.7453,69673747131.87,2.43886212396819,15.3264196397445,136.014450556595,22.977148957555
76,BLR,2022,57275242735.7789,73775179924.603,-4.65839591573591,14.8848623664839,120.024207576094,19.8685683337544
77,BLR,2023,59501097357.3809,71857382745.6066,3.88624214456901,7.36823053571227,132.998797317727,20.2838920494654
78,BLZ,2021,2302615266.50756,2420550000.0,17.7461701205679,0.630768469073601,99.3162710954122,37.7696165445427
79,BLZ,2022,2524886205.2506,2846700000.0,9.65297772389758,7.25244797063618,108.52917413145,42.1980437715622
80,BLZ,2023,2553897572.45142,3066850000.0,1.14901682065862,6.50970161380764,106.531755710256,44.2079980563922
81,BMU,2021,6718028461.70344,7286607000.0,5.41909484048358,0.361400030497762,72.2026726568347,26.9838250212542
82,BMU,2022,7150073873.98764,7827980000.0,6.43113399633694,0.938226826481198,75.5111919039139,
83,BMU,2023,7143293917.04073,8141700000.0,-0.0948235929642749,4.10639245421443,77.544001866932,
84,BOL,2021,36986126769.1183,40406111695.179,6.11137275205746,3.95611963961919,59.0213965631402,5.987700640401
85,BOL,2022,38319728286.388,44008282877.9606,3.60568038279472,5.12446446625671,67.755898784076,8.3105263773205
86,BOL,2023,39500728992.5704,45135398008.8166,3.08196524087036,-0.505250428968196,56.4582389632269,7.90452319895147
87,BRA,2021,1843881120012.46,1670647399034.67,4.76260437908608,13.047270877833,37.6563307568833,5.38238300565086
88,BRA,2022,1899505377653.06,1951923942083.32,3.01669435393015,8.5702819532232,38.8160659763397,6.15803633893431
89,BRA,2023,1954752120905.5,2173665655937.27,2.90848048667777,4.65899475870381,33.8539465938547,6.02172092593375
90,BRB,2021,4542503209.52524,5275242050.0,-0.254965880216531,2.32921875143295,,
91,BRB,2022,5352561584.79213,6257303500.0,17.8328630251327,0.664976976473824,,
92,BRB,2023,5571685827.33474,6720733200.0,4.09382010970572,3.18212980720116,,
93,BRN,2021,13215632370.1015,14006496614.3195,-1.59076248075436,15.4659284363945,147.123112663177,7.83374471044816
94,BRN,2022,13000438059.9791,16681536442.5498,-1.62833154022366,24.2367266802876,146.973966154459,8.45945054906152
95,BRN,2023,13183363105.8086,15128292980.8638,1.40706832327938,-12.8961956287324,136.56300375882,13.1042774396289
96,BTN,2021,2486224986.71556,2768802959.60794,4.42136740220592,7.62801338690346,77.5824483207755,5.64558121219388
97,BTN,2022,2615853471.01817,2898227743.13545,5.21386781145085,5.7948551929732,85.5712165497647,7.99195920376837
98,BTN,2023,,,,,,14.9237575126948
99,BWA,2021,16560766198.0276,18750946600.1423,11.9206365085117,8.38144972399829,88.7551314233315,8.55568645837665
100,BWA,2022,17469294498.1394,20321958850.0363,5.48602817797183,14.6175509748138,85.6083027804928,8.07280865773421
101,BWA,2023,17946869751.4987,19396084498.0084,2.73379817032757,2.12467971961613,68.8572126290116,8.5378048796778
102,CAF,2021,2024497026.49048,2516498412.46384,0.982919996264229,3.18576646900353,44.159119995104,
103,CAF,2022,2034662228.57957,2382618615.01694,0.502110003427035,5.9679244498741,45.23357000162,
104,CAF,2023,2052368906.14354,2555492085.24831,0.870251450842758,3.39995299007134,43.480570208358,
105,CAN,2021,1696305710720.04,2007472181464.15,5.28695689105889,7.66486542253131,62.4241644131018,11.9253477375397
106,CAN,2022,1761102321572.64,2161483369422.01,3.81986633913397,7.65381992676227,67.5588963664949,12.860052615015
107,CAN,2023,1783097209318.73,2142470914401.36,1.24892730403391,1.5347101132531,67.1924941392879,13.996137078112
108,CEB,2021,1576853751533.48,1926804401016.02,6.53215013007072,5.34023602800748,125.533292884421,22.0453407202647
109,CEB,2022,1640988150473.12,1955925827813.51,4.06723825067937,10.689577427514,139.758343530216,25.1685497706681
110,CEB,2023,1651487698948.26,2267760561102.28,0.639830852654981,9.54718862520608,123.894411807077,24.5872585724211
111,CHE,2021,770529214794.414,813408787222.499,5.39188804141473,1.24619196669597,130.25616282247,36.8731102945603
112,CHE,2022,790318933740.326,818426550206.45,2.56832817834069,2.4971595038279,140.169548786107,38.4176399427738
113,CHE,2023,795978145781.87,884940402230.409,0.716066868695833,1.02331402592833,138.216915020406,40.4159656776117
114,CHI,2021,10716796137.8499,11157002972.5829,9.93680136363695,0.21684009581287,,
115,CHI,2022,11289283297.0564,11308300346.3725,5.34196183115412,7.35832205919618,,
116,CHI,2023,11708680810.584,12507927144.1342,3.71500566060664,5.75258334988345,,
117,CHL,2021,273436873982.626,315515014838.539,11.3339570691911,6.9147558846894,64.8384472541565,7.66415884174051
118,CHL,2022,279066228503.412,302116539409.03,2.05874008095333,7.91378346570282,74.9877802139767,10.7999255167397
119,CHL,2023,279676771459.229,335533331669.219,0.218780666901552,6.59951204566833,60.967093994595,9.04996096373497
120,CHN,2021,15851276922873.1,17820459508852.2,8.44846941687277,4.55232657897571,37.3019908656372,4.37698070257768
121,CHN,2022,16318995784492.7,17881782683707.3,2.95066992959268,1.82367710735865,38.3514820836722,4.65518874013197
122,CHN,2023,17175670911003.5,17794783039552.0,5.24955786387791,-0.582393794026771,37.3167713639344,4.89999175555952
123,CIV,2021,63620992438.4818,72794636653.7793,7.06332910205232,3.93013137544369,45.1140327762435,6.64061388997012
124,CIV,2022,67576850897.4936,70173140101.4315,6.2178509127107,2.08589858906348,53.4312191070311,8.0345871619966
125,CIV,2023,71766615653.1294,78875489245.0538,6.199999999987,2.92244000008407,52.5739202139052,
126,CMR,2021,38854942334.5769,45011937346.8384,3.33885747179505,2.92103933375591,36.7308347188558,8.96293676377452
127,CMR,2022,40306867605.1364,44347206072.5513,3.7367840056412,6.83105473248673,41.2866025594679,9.60422907020247
128,CMR,2023,41616173714.8732,49279410982.826,3.24834497823876,4.65972285962381,37.2177281759971,
129,COD,2021,48065880294.8504,55328482783.5393,6.20015401075946,14.9754345531209,80.4813114206906,7.44019043961543
130,COD,2022,52355494607.5628,65801547619.5815,8.92444762563109,10.1064172353471,93.7286670799975,7.70501601276143
131,COD,2023,56837576516.8446,66383287002.9867,8.56086250904089,13.1719312219148,91.261265608072,8.63093328892826
132,COG,2021,10027261669.7995,14825690210.9157,1.01507036990908,23.2907180099124,85.5462031552188,13.1342123500606
133,COG,2022,10175199489.7639,15817030154.6941,1.47535613247133,18.2608987808466,98.1613366922001,
134,COG,2023,10369226732.5707,15321055822.5167,1.90686426346754,-7.56770228699291,96.2103944039618,
135,COL,2021,330530695024.886,318524633225.395,10.8011981904878,7.80211309545884,40.0591463936128,7.0238742475578
136,COL,2022,354622693594.661,345329875078.512,7.2888838865514,14.8665745551143,48.0739778648801,9.17561716064313
137,COL,2023,356787344438.831,363493841244.303,0.610409565791542,6.33605731984103,40.4938001523729,8.93759468504182
138,COM,2021,1112522619.16897,1296089479.91978,2.00016198933761,0.169479511384438,42.2777287262853,19.6569123226394
139,COM,2022,1141481697.75024,1242519407.77603,2.60301031927843,4.94193319951842,47.78172660655,25.6654930892746
140,COM,2023,1175676774.71104,1352380971.24055,2.99567457175966,2.91808886046567,47.9413581866914,23.7913124356906
141,CPV,2021,1793627260.88123,2051842609.64558,7.03353010694514,1.34990112558344,77.4550586265341,25.1415899005443
142,CPV,2022,2077803747.08658,2247003347.63376,15.843675684642,6.34319040438669,96.9941368513357,36.3651387234669
143,CPV,2023,2191572559.72877,2533819406.4916,5.47543591649173,3.79259432080659,94.7385904946044,39.1889957035921
144,CRI,2021,66522107766.4296,64960725734.1965,7.93576224743147,2.37413082580539,70.7816423027085,20.0877843771349
145,CRI,2022,69549856033.0247,69243626028.5936,4.55149177958398,6.28038513680281,82.2275325353143,26.7575333361134
146,CRI,2023,73105190307.8725,86497941439.0174,5.11192183224598,-0.087922596921004,72.4719990801769,24.4679082762114
147,CSS,2021,37206309803.7798,37091445807.6818,10.4429558184008,2.79031777299367,,39.8783038674325
148,CSS,2022,45788913937.5777,48740490013.1088,23.06760379909,4.22003570092014,,42.6435510260356
149,CSS,2023,51538918459.9615,53296161046.3074,12.5576346497814,4.03314414454677,,
150,CUB,2021,82070633423.4249,,1.25369342501311,401.591191263656,80.0237849857828,
151,CUB,2022,83527267339.326,,1.77485399483382,14.1554019623172,88.8030369932668,
152,CUB,2023,81916032940.857,,-1.92899211214875,,,
153,CUW,2021,2405500843.49665,2739608156.42458,4.18371193053579,3.75902232115968,,52.7705443634174
154,CUW,2022,2571624731.74853,3075180834.72417,6.90599999999999,4.99778285828292,,76.6645238480516
155,CUW,2023,2679684402.9766,3281419347.37053,4.20199999999977,2.40355185282874,,75.6072902661377
156,CYM,2021,5418352633.41053,6060026520.10608,4.90492941270442,2.1453321619356,,80.3047942465393
157,CYM,2022,5697740750.963,6600843963.37585,5.15632954248333,3.58324759973381,,86.7325128479096
158,CYM,2023,5946143784.57514,7139428557.71423,4.35967595700366,3.64092096854627,,
159,CYP,2021,27215888177.2701,30372874319.6285,11.3877633552,3.04391069697645,176.826387204434,123.659315166324
160,CYP,2022,29220507767.0398,30976176886.8521,7.36562252428676,6.68855378219979,201.237205778502,127.448121713849
161,CYP,2023,29983718475.0646,33886930712.3394,2.61190090914745,3.82970232014782,192.786921526999,120.43291760935
162,CZE,2021,214043320209.36,290972714482.313,4.02901830633854,4.03442638918558,137.378116302868,19.127901821586
163,CZE,2022,220137498815.997,301831228325.556,2.84717065717149,8.67110088094911,144.011494109397,21.5378421909321
164,CZE,2023,219949654880.837,343207874553.734,-0.085330275927376,8.15889263966358,132.952093158849,21.9087715906353
165,DEU,2021,3652205602572.65,4348297440387.53,3.66999986156735,2.80292938819132,80.15661805106,18.7012389881604
166,DEU,2022,3702230996916.9,4163596357879.39,1.36973105536585,6.09185662231558,89.0641273695259,21.6535232530036
167,DEU,2023,3692366831510.82,4525703903627.53,-0.266438410090913,6.14291653024772,82.7991064495705,21.1155900938793
168,DJI,2021,3207372442.69767,3385825228.86997,4.52234774643705,1.70103136920272,264.020253506591,48.039787158124
169,DJI,2022,3326961776.90297,3674298479.07676,3.72857647005031,4.61922015773493,340.194014640123,50.1169387428509
170,DJI,2023,3549091358.52375,4098530513.55777,6.67664964361434,4.56452579428684,342.702357693776,46.1714972104554
171,DMA,2021,505325005.612993,555266666.666667,6.8905494167316,3.02596515876192,,37.3761209358163
172,DMA,2022,533540061.078087,607159259.259259,5.58354626264079,3.56303629768684,,43.7546213499172
173,DMA,2023,558681739.570186,653992592.592593,4.71223818531963,2.86621599756806,,47.4807995013401
174,DNK,2021,350255593023.122,408378204639.999,7.38206628977555,2.76891919858527,111.414043682799,45.5286623396947
175,DNK,2022,355650135472.963,401945576107.963,1.54017310709567,9.09696553405558,131.54315114232,59.9507608372866
176,DNK,2023,364524261928.203,407091920305.404,2.49518433148894,-3.78891798596015,127.768567480091,56.2977507111134
177,DOM,2021,93508047621.0655,94243425938.3647,12.2719902347896,7.77715811136834,52.7348670680051,13.2869745293316
178,DOM,2022,98050971574.0699,113537368176.13,4.85832403582451,10.7141556508469,54.2315255592457,15.2757636350129
179,DOM,2023,100365578190.532,121444279313.931,2.36061568723294,6.42391980187598,49.6153321918918,15.268648391471
180,DZA,2021,199488888152.994,186231205262.082,3.79999999999995,15.9325995891296,46.8370592599607,5.43624456054879
181,DZA,2022,206670488126.502,225638456572.143,3.59999999999998,22.9512626061838,51.2023757404409,5.09098115531275
182,DZA,2023,215143978139.689,247626161016.414,4.10000000000004,0.854841037372282,43.682914195572,5.0456034301834
183,EAP,2021,18608405143397.5,20849863760041.9,7.60232029175252,3.71344836687553,45.3150442539075,5.06976443541953
184,EAP,2022,19238524792111.2,21124945071215.4,3.38620985440663,5.63837728809762,47.5529836003924,5.71712898016284
185,EAP,2023,20221122607038.4,21162836277192.4,5.10744885870962,3.88899446253055,45.5249307665097,6.26634789393523
186,EAR,2021,12248199938872.3,12811302058068.8,7.40884629376734,6.00397322136207,54.7866159012963,9.8617663885525
187,EAR,2022,12924390685229.3,14147623772391.9,5.52073569774929,8.24119195323605,60.4822143909917,11.5341465608353
188,EAR,2023,13481834133566.2,14945896099125.4,4.31311202139636,4.41698784584244,54.6894666015349,11.8837363399965
189,EAS,2021,27946159763215.4,31155716955057.3,6.22039997523025,3.25017571972322,55.9863094031671,8.29092429460284
190,EAS,2022,28747868647942.8,30673443320595.9,2.86876226114843,5.46517905025054,61.1159909252213,9.50432285038219
191,EAS,2023,29927723041225.9,30780176881541.3,4.1041456246099,3.8410061487137,58.0666970031085,10.4205067099674
192,ECA,2021,1900944480354.76,1670340541088.6,9.04484834763406,8.47251160639347,74.1609772436974,13.5986666296739
193,ECA,2022,1959943174348.6,1817978495944.86,3.10365161126778,12.082081128641,83.074561223747,17.127225666905
194,ECA,2023,2058774213973.77,2129704371516.14,5.04254617779993,7.56734869529775,72.8028397114709,16.6080870377308
195,ECS,2021,22657010856694.6,25523993209132.2,6.74423282474028,3.73941259915679,83.2783314759866,24.4056673938835
196,ECS,2022,23392327133708.7,25662572829777.2,3.24542492240001,8.19886147930275,93.6026066327702,27.1008911599089
197,ECS,2023,23630026939259.3,27554069781140.1,1.01614432883044,6.4069165256975,86.709919262955,27.6497375709546
198,ECU,2021,103197765280.136,107435101000.0,9.818417748417,2.04901082789537,53.1511986943634,5.79181341467172
199,ECU,2022,109581722560.167,116586079000.0,6.18613907258741,2.19571108300103,61.6216623941869,7.26724859337814
200,ECU,2023,112162610913.166,118844826000.0,2.35521790742197,-0.408196858042402,57.8477543481784,7.12982162390395
201,EGY,2021,425777537421.996,424671765455.704,3.29064601202211,4.84715643244118,29.8569734808122,10.6018880138374
202,EGY,2022,453827104224.605,476747720364.742,6.58784560886967,10.4257892435745,36.9831048772713,11.9501298205292
203,EGY,2023,470885106095.168,396002496996.96,3.75870055176806,24.8250653743744,40.4424382173628,14.0541916836518
204,EMU,2021,12771092524492.2,14917737268178.2,6.361155564717,2.49536237654851,88.3536983835071,27.5634927442968
205,EMU,2022,13223961016884.5,14452048668851.0,3.54604346905943,6.32569953527321,100.518804469533,31.0123885430442
206,EMU,2023,13277044442520.6,15780686672317.3,0.40141849759172,6.1890982846439,92.671362574702,30.916965828287
207,ESP,2021,1267004457572.21,1461244901852.69,6.6831441850028,2.55611238398019,66.524588943191,13.2989392378299
208,ESP,2022,1345296618919.51,1446498147749.03,6.17931222572963,4.71187418437,78.6275624641006,17.4648770503896
209,ESP,2023,1381292229418.88,1620090734956.89,2.67566349258229,6.23528003904008,72.1917288917484,18.0805931317544
210,EST,2021,28417254674.457,37204563051.4723,7.15444748334397,5.37232915617214,160.394681627556,51.5672571685572
211,EST,2022,28434426605.4652,38376046174.971,0.0604278323325786,15.7824225083313,174.563994182116,53.807215328459
212,EST,2023,27574843698.0953,41291245222.1948,-3.02303584066192,8.05478314709862,154.859244621649,54.5652981318682
213,ETH,2021,100435279209.681,111261882958.426,5.64153071734657,21.7632640675501,24.3450393271265,10.867968270728
214,ETH,2022,105779617467.591,126772703047.701,5.32117628383672,34.6673530169267,26.5955012290858,11.4007734572333
215,ETH,2023,112653319434.836,163697927593.982,6.49813464238613,33.0206928816945,20.5854115676722,9.18101671153728
216,EUU,2021,14940354568036.3,17496551469916.3,6.35777133410905,2.7426355945688,91.0908804153476,27.3652037250918
217,EUU,2022,15462923840803.0,16995332000257.8,3.49770328667265,6.68855378219979,103.570938889654,31.0879806654509
218,EUU,2023,15529080146569.1,18590720056635.3,0.427838269445076,6.4069165256975,95.685928111323,30.8403563624575
219,FCS,2021,1731373741969.25,1786326958459.63,2.47690857607017,8.86671534219447,,10.5215997903526
220,FCS,2022,1750397023337.34,1964841634349.73,1.09873916341441,10.6137918253156,,11.7438373477882
221,FCS,2023,1782121594449.61,1937937125126.32,1.81242145006526,4.65972285962381,,12.8834492457956
222,FIN,2021,253878739632.812,294223210496.119,2.73471348589543,2.43461236911682,79.7892781913782,24.1348818765768
223,FIN,2022,257560103403.906,280241515774.32,1.4500480727209,5.44943422380896,94.132058739535,27.6151170247586
224,FIN,2023,254562199573.437,295532341254.907,-1.16396281522198,3.91351734729513,85.3336748134055,27.4475541561354
225,FJI,2021,4115996320.43426,4305031630.81808,-4.88103605578388,-2.51306312524909,81.7252089564687,18.4280869795835
226,FJI,2022,4930664222.84568,4969503560.7735,19.7927266933385,2.44798502613514,117.506559364173,41.9131181259197
227,FJI,2023,5301661741.40568,5442046565.04719,7.52429088237292,4.09957635834306,,
228,FRA,2021,2580120255345.61,2966433692008.09,6.88233786590355,1.22181611014376,63.788482630872,19.7075250131437
229,FRA,2022,2646451031159.26,2796302210398.84,2.57084047443969,3.22063217116909,75.7901436111221,23.314452670778
230,FRA,2023,2671234714330.38,3051831611384.76,0.936487502671483,5.30357175264875,70.5595547931931,22.9856852818643
231,FRO,2021,3011481923.30763,3664686796.62669,5.50438017256558,2.02544410571137,104.473032035173,
232,FRO,2022,3118570937.35915,3566698397.6602,3.55602380418398,5.77914288280571,124.535531033936,
233,FRO,2023,3196193980.39855,3907323961.33964,2.4890581166362,4.0731868743961,114.33787884979,
234,FSM,2021,336344290.373416,390000000.0,2.8,1.98318062005774,87.6064871794872,
235,FSM,2022,333726825.078682,430000000.0,-0.778210116731515,11.1211664152841,84.8371395348837,
236,FSM,2023,336344290.373416,460000000.0,0.784313725490193,6.1442403402407,94.8821956521739,
237,GAB,2021,15398898313.8373,19444935097.2395,1.46795731508091,20.3384091824716,85.3483122054007,
238,GAB,2022,15866657481.0928,20440655695.1804,3.03761449502689,14.7583426834649,92.0630888500131,
239,GAB,2023,16254737014.9742,19388402541.6698,2.44588083119469,-9.96401107833999,91.4786667108597,
240,GBR,2021,3074755378779.19,3143323050707.26,8.5759509048565,0.0665566228650079,58.5845366237858,22.4013963880997
241,GBR,2022,3223545409624.7,3114042471144.39,4.83908514714403,5.44390479781602,68.8805301397863,26.2442982664211
242,GBR,2023,3234504373105.3,3380854520809.54,0.339966158003463,7.29825479586994,63.878877761965,28.0708958559652
243,GEO,2021,19192793472.268,18853115588.8106,10.6442336580969,10.229587650373,101.60090754891,23.174456778078
244,GEO,2022,21296041913.2144,24984568959.605,10.9585321385624,8.13545014384806,114.695437688718,34.9502023751866
245,GEO,2023,22963990766.7474,30777833585.4441,7.8322012152783,2.94809953621152,107.151179168501,34.6765003003249
246,GHA,2021,65973349399.4486,79524421861.2743,5.07646643533542,12.1061016311773,62.7078309128346,27.0507280254308
247,GHA,2022,68491885061.4641,74263364041.8742,3.81750462109567,28.1682478691229,70.1154557958907,26.8665359436327
248,GHA,2023,70508824388.0172,76370396722.154,2.94478583082221,33.0798250532954,69.0365894796481,27.0740516374403
249,GIN,2021,13349198344.073,17069115737.8259,5.5823328114905,11.9862978624966,115.195532789356,6.98800112624888
250,GIN,2022,13879482945.938,19910452541.9219,3.97240784200721,2.80558292389495,94.1652726931221,5.28301402384129
251,GIN,2023,14815644972.1281,22199409741.2578,6.74493444630886,3.92197888518862,90.542448600725,15.4335635043145
252,GMB,2021,1776141480.03218,2014158842.14596,5.25596878816744,7.3821228563862,42.0979827971754,11.3530777430258
253,GMB,2022,1873704900.09444,2204734527.88096,5.49299823010114,8.81707580376896,44.7219215369466,15.9330761661712
254,GMB,2023,1963596060.40794,2396111021.64149,4.79750895186164,15.6019043854862,42.4360024960632,21.284861907459
255,GNB,2021,1500942899.13729,1853796455.89489,6.18267668294831,2.16173928550757,46.1201357604717,10.9680569883927
256,GNB,2022,1570073804.59512,1796608530.82267,4.60583180729681,4.2142843930848,47.3622498331329,11.9116996194187
257,GNB,2023,1651706154.16341,2048348108.35852,5.19926829741253,5.39039286757867,42.0338262777412,
258,GNQ,2021,9652085293.25754,12215878032.7166,0.860269956382069,17.9386307222713,76.9666485998527,
259,GNQ,2022,9963221065.40967,13687643435.6249,3.22350831658598,22.1004087260455,81.8130161368099,
260,GNQ,2023,9456161986.86363,12337550583.754,-5.08930872071532,-7.64752019845845,61.443281519042,
261,GRC,2021,203277224063.029,218303801895.326,8.65449785311438,1.39275645318513,88.0126627401059,30.8537068204066
262,GRC,2022,214952754695.546,218880566444.349,5.74364918958959,6.4958241447423,107.679207902405,36.3342710552744
263,GRC,2023,219965719224.042,243498333237.802,2.3321238825698,5.87456266805546,92.1562900262242,33.9078294787847
264,GRD,2021,1024691294.44286,1122800000.0,4.68747816934534,2.79031777299367,,64.3702538637021
265,GRD,2022,1099706286.21882,1224577777.77778,7.32074061551874,1.62494161129776,,75.4711914008154
266,GRD,2023,1138923226.80272,1316733333.33333,3.56612861773655,3.823033409956,,83.6489873649154
267,GRL,2021,2748493505.41834,3235809504.29871,1.29021048770599,-0.416168295320645,85.1523060966678,
268,GTM,2021,75116232449.1983,86478835636.3813,8.03326771516488,3.16642125173291,49.2478694245442,8.02345027999078
269,GTM,2022,78271231309.9524,95630524813.106,4.20015588892568,6.31527590909438,54.4328380814561,9.6952617358525
270,GTM,2023,81031694944.9788,104450210572.012,3.52679214166824,6.64227801635242,48.1884518248528,9.52406586403338
271,GUM,2021,5442300818.9263,6234000000.0,2.0581832574708,3.25017571972322,61.8383060635226,
272,GUM,2022,5719850773.43039,6910000000.0,5.09986426216793,5.46517905025054,71.8668596237337,
273,GUY,2021,8735443232.30197,8041363893.04556,20.0600280629427,22.4176933066434,,39.7263884442654
274,GUY,2022,14268000140.0066,14718387016.7866,63.3345871591983,12.0604452530687,,27.8518295055803
275,GUY,2023,19090957594.0449,17159509565.4676,33.8026170921817,-12.8675261337105,,
276,HIC,2021,55197692751535.1,62737887026890.0,5.77849423091494,2.80128464647184,60.744949788332,15.3477023982399
277,HIC,2022,56797832930107.1,64961263426035.5,2.89892584056884,5.9368968854381,67.560679219837,16.8066259574993
278,HIC,2023,57808823390117.1,68276492853979.9,1.77998069266847,4.75854916721366,63.1270027608484,17.4028205079687
279,HKG,2021,330112320112.002,368954169748.818,6.45440824066419,0.683636960252912,402.459681454463,38.1800217057181
280,HKG,2022,317952397986.884,358681066274.469,-3.68357113148396,1.68885829817785,384.879499006935,40.7895615096811
281,HKG,2023,328370191789.519,380812234827.832,3.27652625631858,2.77774905222925,352.798647438071,46.7175719868678
282,HND,2021,24940257609.6892,28144331506.6149,12.5652843771279,4.60572808888793,103.372643459918,20.2125179492281
283,HND,2022,25973672631.7766,31426041806.7985,4.14356194013767,9.31239503002736,112.698524913966,21.8817765281856
284,HND,2023,26904206369.3728,34400509852.0436,3.58260362632656,6.1785877403702,97.9534784686259,20.8264222537127
285,HPC,2021,834398903187.804,905796942446.21,4.2660509739051,5.16433588592962,52.8259607229192,11.8628936190313
286,HPC,2022,874541820600.685,983601535350.123,4.81099834377963,8.66620854081535,57.685807578604,12.1151610960708
287,HPC,2023,909360092640.477,1129946910802.31,3.98131584100547,4.65972285962381,54.3322803028536,
288,HRV,2021,59714859477.6201,69006802298.6956,12.6317003277712,2.08111752959877,102.308430815836,32.1541370743259
289,HRV,2022,64066840476.8464,71198635101.9514,7.28793643206565,8.01280669780672,125.213857590974,36.8734509418228
290,HRV,2023,66182676637.3453,84393795502.4421,3.30254488086325,11.7403306343319,107.700919430599,37.2061321253238
291,HTI,2021,14704149691.2104,20877414952.6375,-1.79823988931486,18.9602364056386,37.1654017679449,3.7056193209161
292,HTI,2022,14456828250.6294,20253551920.5516,-1.68198396897978,30.2012918564443,36.529550283828,3.90231661061691
293,HTI,2023,14187369712.6764,19850829757.5418,-1.86388420254838,31.5119631448975,30.7854236995359,3.66414700459523
294,HUN,2021,150710923361.943,182109999477.691,7.06122060972912,6.43924810515087,159.688274120647,26.4638631904129
295,HUN,2022,157618619387.289,177006128624.627,4.58340767295068,14.2313411581322,185.271113216624,30.6443389823774
296,HUN,2023,156187937314.849,212388906458.724,-0.907685956140242,14.7490051351556,157.296223886147,28.9724291612404
297,IBD,2021,32921657570920.8,35763964842420.9,7.54077062404079,6.19285088635113,51.3421696430402,7.20574522923432
298,IBD,2022,34094157743972.6,37711987599830.9,3.56148584112441,9.56630364653237,54.5292470290737,8.26852533706348
299,IBD,2023,35651588365762.6,38789302232983.5,4.56802785241229,5.25924289518227,50.2487590629311,8.7503560940148
300,IBT,2021,35527901834613.5,38431269006646.3,7.30645449381386,5.8428798374009,51.1576614775529,7.26825449929217
301,IBT,2022,36812974784647.2,40596809224874.0,3.61708089606812,8.61824524701927,54.3955746695267,8.30940977953277
302,IBT,2023,38456511205441.6,41669008262158.8,4.46455748390062,5.14466745732078,50.1686376067563,8.7835201838696
303,IDA,2021,2605968234707.57,2668547717370.14,4.46027770944872,5.56666402809906,47.8018768676677,8.13510233036704
304,IDA,2022,2718345241032.56,2885452928535.09,4.31229378886124,8.07767918224402,51.9445778088592,8.87042772854014
305,IDA,2023,2804581327506.95,2880514996348.02,3.17237432437535,4.65972285962381,48.6889559873579,9.33100262035653
306,IDB,2021,1225717563837.4,1114246944908.41,5.17233111350185,7.23089062265045,,6.17566575018232
307,IDB,2022,1277886637363.26,1208339576445.76,4.25620673677336,8.50917325062476,,6.99638518684785
308,IDB,2023,1310220490708.8,1068437562493.42,2.53025991509384,4.06636025144491,,7.56479004129046
309,IDN,2021,1065709127435.86,1186509691070.97,3.70288562827751,6.00397322136207,40.2047582749671,3.58202357499596
310,IDN,2022,1122270779856.21,1319076267291.51,5.30741934775764,9.56668684525337,45.4658986816744,5.03172156697882
311,IDN,2023,1178924195856.71,1371171152331.16,5.04810577067288,1.5330736733459,41.3156667619874,6.16814483811189
312,IDX,2021,1380250670870.17,1554300772461.72,3.83598052300617,5.56666402809906,52.754698362216,9.68945848542789
313,IDX,2022,1440458603669.3,1677113352089.33,4.36210132476693,8.07767918224402,55.8708267809629,10.3716011957534
314,IDX,2023,1494452998921.59,1814046621127.36,3.74841700516437,5.39039286757867,53.0930360511045,10.6935478911813
315,IMN,2021,7558904135.25498,7931193222.06405,3.83783666558899,6.5149168978037,,
316,IND,2021,2779348258938.77,3167270623260.47,9.68959249192875,8.35490771481598,45.4230887840446,11.9544397633217
317,IND,2022,2973542414790.52,3353470496886.33,6.9870393257555,6.74751308321969,49.9653199690324,14.4988763260928
318,IND,2023,3215973434046.11,3567551674623.01,8.1529363109041,1.33405065563208,45.9218502164429,14.4619176601445
319,IRL,2021,474043708510.292,531306516907.984,16.2556132446002,1.09810305153333,224.418835854724,142.777845822581
320,IRL,2022,514903922802.965,548570250341.987,8.61950355191492,6.76287565719737,232.129490581307,140.4605949267
321,IRL,2023,486429697970.113,551394889339.778,-5.53000736095537,3.62187153658782,237.215881337618,154.172889896032
322,IRN,2021,471073841462.031,383436202446.695,4.71977773157164,56.3196546439665,44.3738340508665,
323,IRN,2022,488864564083.075,394362621793.035,3.77663140152906,50.585248062505,51.597506811024,
324,IRN,2023,513527246086.276,404625655204.619,5.04489051061807,30.4931401221187,52.1801758114434,
325,IRQ,2021,180145367592.813,209691945713.103,1.5021807095434,38.8998331529519,61.5032683117218,10.0921854332708
326,IRQ,2022,193908133926.674,286640340965.517,7.63981140218355,26.9938337592464,68.9343588951008,10.9128742641857
327,IRQ,2023,188215848693.258,250842782139.464,-2.93555773971221,-18.1894127218862,,13.5261615704517
328,ISL,2021,20304846331.8777,25825287184.3818,5.25420975317854,6.37202614559868,76.2731814967682,24.8063330816266
329,ISL,2022,22130761184.0171,28770206626.5564,8.9925076126915,8.88519456670855,91.527341749796,33.8392144992249
330,ISL,2023,23245527336.2072,31325116556.3807,5.03717943960838,5.69949212718926,86.7946489365126,36.4588164808663
331,ISR,2021,383397426954.248,489708278893.053,9.34390774596847,2.07020211665778,55.0617293959183,22.1096323396333
332,ISR,2022,408204664808.542,525000415276.678,6.47037150232485,4.72579800556809,60.5046618476397,24.976818338495
333,ISR,2023,418095492045.796,513611100815.691,2.42300691049012,4.26608944082265,57.5282520647588,24.7501465209991
334,ITA,2021,1908092024347.85,2179207773596.09,8.9310620660078,1.28332191197099,60.3019776202798,10.0381583246797
335,ITA,2022,1997042745688.22,2102995942720.44,4.66176265113695,3.56016140243167,72.0531919277732,12.683849141468
336,ITA,2023,2010974774790.36,2300941152991.81,0.69763299419678,5.81875394007432,66.2401067969222,13.2084232557623
337,JAM,2021,14071627509.4333,14657586127.0331,4.6014245042592,7.42596071258264,,41.3616628969864
338,JAM,2022,14806380332.6868,17097760723.9201,5.22151984737387,12.7978003859778,,45.2636155466969
339,JAM,2023,15132129801.7169,19423355409.2316,2.20006147154612,11.6865531940529,,44.9832715358276
340,JOR,2021,42874682706.305,46296100140.8451,3.65564191030398,2.20360600532175,80.3328699444404,18.7196736806636
341,JOR,2022,44009762561.5966,48764963380.2817,2.64743616429071,2.61607218645355,104.095459439189,27.9717682321214
342,JOR,2023,45188463506.0246,50967475352.1127,2.67827153754409,1.79036458654697,100.276045970494,30.6829203352069
343,JPN,2021,4487015645273.13,5034620784584.98,2.55932023865617,-0.19006062486126,36.7714832870467,7.55345526301406
344,JPN,2022,4529854841042.58,4256410760723.75,0.954736937781391,0.333979877221765,46.8437321391913,8.99911854105316
345,JPN,2023,4605911988191.95,4204494802431.55,1.67901952310368,3.79301783489684,45.1626484842154,10.3478530625349
346,KAZ,2021,214679925583.069,197112255360.612,4.29999999729456,13.9300750551614,58.6686085779207,7.08711967488453
347,KAZ,2022,221549683201.099,225496328925.494,3.19999999970734,19.7690064802492,68.3343147415612,7.78748358999783
348,KAZ,2023,232848717043.771,262641892078.524,5.09999999973641,9.85761932391583,61.773226073185,8.50436370005091
349,KEN,2021,90413816676.9795,109703658904.994,7.59048947333467,4.3307475585662,30.8243031771262,8.28166925394384
350,KEN,2022,94807911027.625,114448978152.637,4.85998104287999,6.95705445631218,33.6911387270322,10.3080655810786
351,KEN,2023,100075318170.786,108038588970.595,5.55587301319866,6.10780209189015,32.0920792814469,9.44915416215669
352,KGZ,2021,7759385792.10421,9249133946.26531,5.50700762671923,15.992797923604,100.261376861569,13.639979735718
353,KGZ,2022,8455209116.53133,12134931017.9465,8.96750520041391,19.6572842421774,133.786718048766,23.5526443683373
354,KGZ,2023,8975322159.94048,13987627908.8381,6.15139183716032,13.4157414075184,140.155715019007,
355,KHM,2021,32909177695.673,36790163687.4421,3.08984284148661,2.64573403501885,146.179846509715,7.46657837266433
356,KHM,2022,34588654431.0863,39994532959.6074,5.10336888677125,3.51502483143302,145.873632761406,12.6806587845184
357,KHM,2023,36304274723.1727,42335646895.7984,4.96006658918908,1.06309607242758,134.206842395931,16.6720549597366
358,KIR,2021,245417596.374769,289339292.157301,8.52266121721455,9.47162129039607,73.450155647209,20.0801915181398
359,KIR,2022,255002019.364619,270841698.369345,3.90535280738948,-2.43745796327806,100.362021380962,39.4734427182201
360,KIR,2023,265519808.540098,279208903.337644,4.12459054312031,3.36844589533216,99.7452390367811,39.537933998628
361,KNA,2021,889500509.777815,858622222.222222,0.479678356753311,-3.32596719351518,,59.6193125970427
362,KNA,2022,983101307.730931,981429629.62963,10.5228492759939,3.42010359088465,,75.6733092314311
363,KNA,2023,1005564662.29904,1055499777.77778,2.2849480914594,5.14466745732078,,75.8137162967278
364,KOR,2021,1696543311942.81,1818432106880.04,4.30473481906969,2.76293194144772,80.1994569268269,13.4832474125565
365,KOR,2022,1740868427277.01,1673916511799.71,2.61267219187226,1.27552257409207,96.5364092886865,16.1613018387126
366,KOR,2023,1764487367948.7,1712792854202.37,1.35673324311098,2.06407396162432,87.9396791903733,16.0341631112125
367,KWT,2021,114930360168.746,148459291453.471,2.26080609815888,28.7770836845713,81.9403797556827,20.0685050536291
368,KWT,2022,121664370029.182,183940215065.171,5.85920887270251,18.8292916806594,90.7022303371281,20.7423084391265
369,KWT,2023,117235268788.392,163704878875.85,-3.64042590261035,-7.35671016267938,,25.475129196393
370,LAC,2021,4806394585288.23,4693445308215.29,6.8631527029173,4.60572808888793,52.2192902875183,6.86849119028029
371,LAC,2022,4991404194814.04,5393055179435.18,3.84923888879405,7.25244797063618,55.2246714493253,7.95951395747578
372,LAC,2023,5094832724705.94,6057469575864.84,2.07213292803165,5.41879124953701,46.7823822944615,7.66847593453238
373,LAO,2021,19054754737.3799,18827148530.9347,2.52835100486102,3.71344836687553,,2.00451097650102
374,LAO,2022,19570648221.6862,15468785203.7532,2.70742652643155,15.7739459226011,,7.39860362177572
375,LAO,2023,20303702352.295,15843155731.2552,3.74568140158232,24.4217202066692,,14.3569501558248
376,LBN,2021,34156740537.1604,23131941556.7843,-7.00123862514116,150.000716803737,78.8286204025241,46.5662626204916
377,LBN,2022,33944395264.1769,20992421948.8081,-0.621678970663112,112.149478998819,114.888278265666,70.6678816503606
378,LBN,2023,,,,,,72.4519406213605
379,LBR,2021,3270920145.66908,3513049500.0,4.98671283481617,5.35427604467455,,15.970694426862
380,LBR,2022,3428189426.39464,4001047000.0,4.80810517290655,8.66620854081535,,15.6266402546129
381,LBR,2023,3588757484.77383,4240000000.0,4.68375688761311,1.23085463416679,,
382,LBY,2021,55179091532.8781,35217995647.2862,28.3334624622298,90.405606412238,164.284069967105,24.2262509355993
383,LBY,2022,50625917039.5711,43246297921.8499,-8.25163004105288,42.6971019985904,156.321684682347,
384,LBY,2023,55767393124.5653,45096462972.4014,10.1558181770326,-5.34146995735976,155.655201664179,
385,LCA,2021,1666863089.92952,1867185185.18518,11.5994736212466,11.593212114006,,49.6200123766955
386,LCA,2022,2006682593.86665,2342703703.7037,20.3867675749845,4.22003570092014,,68.7187351588066
387,LCA,2023,2051031737.24513,2430148148.14815,2.21007265992306,1.48963461512095,,72.0590396256898
388,LCN,2021,5628872798112.74,5581050600056.69,7.04894757678912,4.48797277024499,53.8727889445468,7.55148527657848
389,LCN,2022,5851974044642.51,6344871239270.21,3.96351551245886,6.31527590909438,57.3328183790479,8.89270255827847
390,LCN,2023,5974188199723.25,7100142198622.08,2.08842613019837,4.45991367594138,48.7544426783573,8.32547841107573
391,LDC,2021,1136640339791.24,1279711995341.63,2.83007974061206,6.27372553968799,53.4827450091841,8.07396196879809
392,LDC,2022,1189385426762.52,1435846906574.12,4.64043771145433,7.42356642322508,54.347642052412,8.51434574861106
393,LDC,2023,1230193966737.58,1516309568380.52,3.4310610384846,4.93690356074202,51.7864310222202,8.52222661211987
394,LIC,2021,485946125646.535,474823152496.384,2.17478340495141,6.64074341609775,52.717970199731,11.34691513776
395,LIC,2022,503780277751.377,547199942824.131,3.66998544974797,9.15161419934587,51.9505722374193,11.4342789694324
396,LIC,2023,515060189857.047,663529162731.73,2.23905392962553,6.0692040169944,49.5157396652523,
397,LIE,2021,,7710380085.92257,,,,
398,LIE,2022,,7361504432.19331,,,,
399,LKA,2021,96612712766.2867,88609324901.9774,4.2074764951157,8.02109017405199,41.2299754068976,3.79595549612966
400,LKA,2022,89514778451.9202,74144870023.4244,-7.34679123599076,47.4637415221157,46.6814414772198,5.4151051187988
401,LKA,2023,87457719388.6615,84356863743.6335,-2.29801056186895,17.5191628455588,42.7011040152852,8.80557090042911
402,LMC,2021,6402342783987.56,6911861585177.33,6.66098044124838,4.60572808888793,54.4427770482399,10.4138498106863
403,LMC,2022,6775936832420.7,7371395678679.62,5.83527094749616,6.83105473248673,60.3814088529734,12.5133840861723
404,LMC,2023,7151756621411.38,7439509140290.38,5.5463886143758,4.65972285962381,56.2977597894746,13.3497557366613
405,LMY,2021,32427441683196.7,34778125922181.4,7.33770098713175,6.05975657609514,49.3715830985466,6.79392274080132
406,LMY,2022,33664644890385.3,36465232446694.9,3.81529699220687,8.69703734830544,52.9629624825944,7.92870329879952
407,LMY,2023,35217076189636.0,37533765909928.0,4.61145900782725,4.73199714247384,48.8049839419553,8.36517752299151
408,LSO,2021,2160272945.18777,2412130056.55851,2.26671067006538,3.12378106466741,139.186479465407,17.8398198259565
409,LSO,2022,2211855514.87917,2354683088.71995,2.38778020186284,5.53005469308407,142.373981443861,19.6308307023236
410,LSO,2023,2252257826.396,2117962450.79469,1.82662525852363,-0.368097835928623,141.513755535108,20.2318120886857
411,LTE,2021,24272323323055.3,26910414198858.4,7.48001074828512,5.61025509902417,55.7477126166442,9.53762407030205
412,LTE,2022,25034943849253.5,28079439418908.5,3.14193460612731,8.87368732523663,58.2166450864102,10.2262207342174
413,LTE,2023,26073749135031.8,28348483457826.9,4.1494212730548,5.69949212718926,54.5947984442191,11.025210793482
414,LTU,2021,52150789442.1719,67037321008.9679,6.38001676204321,5.99976586948216,154.80672767597,38.2557540775578
415,LTU,2022,53474128766.591,71033884499.7824,2.53752500887173,16.0665436484411,175.651612151093,42.6711687240915
416,LTU,2023,53657150684.4898,79789877416.1681,0.34226255222913,9.02175581692678,149.041909014608,43.6675347033862
417,LUX,2021,70679635853.8902,85584105993.8746,7.16840198697749,4.64389231812459,393.14119815602,329.077442986109
418,LUX,2022,71655146215.6371,81641807865.7591,1.38018589083207,5.68354663317177,388.513668433747,318.707693014804
419,LUX,2023,70870003856.6378,85755006123.5976,-1.09572361576994,3.43002456230172,394.220693675731,315.324223108932
420,LVA,2021,30285399223.0726,38185125732.9451,6.94723316214511,3.29767842276085,136.790170758828,27.6765330960725
421,LVA,2022,30834377325.2508,38018905782.397,1.8126824022841,9.83594135273617,159.82671948791,33.5061434415515
422,LVA,2023,31360657012.7125,42247850064.5125,1.70679524969924,6.4069165256975,137.680845622225,32.8537018237357
423,MAC,2021,28748111098.7847,30969334705.0515,23.535988887849,-0.878982907915272,167.688745835451,73.200903020824
424,MAC,2022,23110797292.1894,24999113475.8368,-19.6093363742205,1.16083024773521,168.081022502393,68.1198864462121
425,MAC,2023,40458079958.3397,45803067940.4072,75.0613769262435,4.63616686120965,142.010083178096,94.0355774293434
426,MAF,2021,,649206262.847519,4.89999967133534,,,
427,MAR,2021,124135631043.727,142022058447.231,8.15473889823681,2.41520355664963,75.5234171756506,16.890874373502
428,MAR,2022,126031434844.786,130951926351.241,1.52720357976111,2.66186120617975,101.132382053244,25.0266106183106
429,MAR,2023,130320714718.834,144417103249.646,3.40334130078834,6.36094888191869,93.7914030606318,26.1755799162754
430,MCO,2021,7500235156.94536,8623242743.29564,22.2322155851208,1.22173013647281,,
431,MCO,2022,8328781591.62882,8800430486.17137,11.0469394271752,3.22095286767355,,
432,MCO,2023,8748833912.54286,9995350547.12166,5.04338259195359,5.30290144286643,,
433,MDA,2021,9573777856.36482,13691869264.0794,13.9299997889786,6.38172855134019,88.4708865399267,20.4308114987548
434,MDA,2022,9093606720.69544,14510490660.2516,-5.01548231924089,19.2532036308322,110.733965557959,25.1557999344504
435,MDA,2023,9164831732.38352,16539436547.295,0.78324270969388,8.70839048786753,95.1315748916605,24.1009419432244
436,MDG,2021,12947986307.5875,14554754116.5427,5.73961573854336,6.64074341609775,54.4570415917068,11.9978118628115
437,MDG,2022,13465905759.7223,15134700203.0497,3.99999999869678,6.93296643519818,68.8541835192229,17.6147841668134
438,MDG,2023,13977610178.6045,15790113246.7478,3.80000000009488,8.69367544716614,60.7790542120883,
439,MDV,2021,5067979008.49449,5252457369.55218,37.507870124321,2.82866184194621,142.607296758605,91.2185167400738
440,MDV,2022,5768682322.98336,6177118113.94637,13.8260895184139,3.41292623420735,162.243570470777,101.650405225954
441,MDV,2023,6041332856.45728,6590894301.9579,4.72639189000989,1.88425407158763,150.032369927009,93.1247237152668
442,MEA,2021,3572796770831.09,3807870128264.03,4.80255097495157,13.3007001530628,76.383383048267,16.2496003936742
443,MEA,2022,3774102885461.08,4475708600082.35,5.63441268961842,16.9897185502658,83.7791166268906,17.4698775217128
444,MEA,2023,3848726223210.52,4320566779119.19,1.9772470442424,-0.0234347412947429,83.5155711554754,19.9089512128189
445,MEX,2021,1241768434200.36,1316569466932.59,6.04848344290505,4.48797277024499,83.0692976202276,7.38868557871399
446,MEX,2022,1287578651261.79,1464312692331.58,3.68911109348025,6.49719200406193,88.3870894769952,8.17952442809793
447,MEX,2023,1328780925599.41,1789114434843.46,3.19998116598492,4.45991367594138,73.157775633035,7.36275200471039
448,MHL,2021,223600000.0,258900000.0,1.22227252150293,5.77905201152358,117.622325222093,31.9007219487152
449,MHL,2022,221100000.0,253400000.0,-1.11806797853311,-1.01768275096303,118.835319652723,
450,MHL,2023,212400000.0,259300000.0,-3.93487109905021,6.51974948608529,110.172232934825,
451,MIC,2021,31941158687704.2,34301140512398.2,7.41677443421602,6.00397322136207,49.3221995767403,6.74361364777555
452,MIC,2022,33160484927473.3,35917683987563.7,3.81741392568371,8.26227281475744,52.9774216584591,7.88620003080533
453,MIC,2023,34700732105673.6,36878123654872.8,4.64482706320204,4.62773991030575,48.794833198225,8.34166734338523
454,MKD,2021,11141955229.994,14000283827.0154,4.51067949038222,4.28552531461972,146.721411484074,25.2036928962633
455,MKD,2022,11449348867.2054,13932436550.0883,2.75888415332967,8.87368732523663,166.147357379878,29.2557513346116
456,MKD,2023,11686665220.5256,15763621848.115,2.07274977880975,7.76646685488322,148.671596334608,31.3593490970757
457,MLI,2021,16313964499.5084,19309463508.0377,3.05261356942125,3.3589739985495,67.2066778457718,15.3103087171029
458,MLI,2022,16880866888.027,18780322203.7584,3.47495171106735,5.72783445978014,73.4634225003119,15.0574417911927
459,MLI,2023,17666971044.33,20661794596.0873,4.65677599093294,2.22593321089587,69.3909284347094,
460,MLT,2021,16292781700.2476,19718565605.433,13.4603051960595,2.42641153412831,220.649933208077,159.021828946686
461,MLT,2022,16968587192.6425,19209979975.2323,4.14788281601133,5.06118591578404,243.674329907614,171.204089376231
462,MLT,2023,18240978817.4633,22328640241.5553,7.49851245937869,5.30471876620035,227.453489161761,170.030596657885
463,MMR,2021,60700903302.853,66345291160.1683,-12.0163724829117,19.5172093720929,,
464,MMR,2022,63151698289.2596,62253049891.6449,4.03749343593624,6.1637164891327,,
465,MMR,2023,63756973610.2645,66757619000.0,0.958446625192025,10.7876664462616,,
466,MNA,2021,1647989185202.72,1552753180082.25,4.33306389069034,15.9325995891296,54.5149927702896,12.5113650375254
467,MNA,2022,1715655860647.3,1741921040109.65,4.10601453287201,22.9512626061838,63.6450313669777,14.132860846742
468,MNA,2023,1769717497183.51,1671174615296.29,3.15107695991034,3.1774451904169,61.6921223939607,16.051064171024
469,MNE,2021,4576160079.60802,5861427505.12493,13.0434642521552,4.72624261012977,105.029993243347,44.9791705964232
470,MNE,2022,4869340027.24234,6229801580.79157,6.40668032879275,12.3553221508805,125.898604629493,54.3925357599736
471,MNE,2023,5177944070.4817,7530593375.22034,6.33769754243548,10.5429703323513,118.542754014976,55.1829185877031
472,MNG,2021,13749955731.6936,15286441737.6686,1.63676957736662,14.4200654807454,119.098078437771,21.6158947250089
473,MNG,2022,14441951078.838,17146471713.748,5.0327096366527,17.7147124177501,136.327929944516,26.9750795884561
474,MNG,2023,15513848972.8704,20325121393.9074,7.4221127615025,21.7690280161027,142.864246599181,28.3699014179664
475,MNP,2021,768812121.212121,914000000.0,4.96987951807229,0.545723837893178,78.8840262582057,
476,MNP,2022,896763636.363636,1096000000.0,16.6427546628408,2.80318995750133,93.1569343065693,
477,MOZ,2021,18651030677.5113,16168055475.4449,2.37743572761507,4.5505652081862,112.078964458333,20.9919164050873
478,MOZ,2022,19465045724.9322,18883528581.3734,4.36445074535436,9.15161419934587,135.279578416991,19.7154478827249
479,MOZ,2023,20523332839.0076,20954220983.5473,5.43685912188634,5.30134150828523,105.627503637428,14.3761601413285
480,MRT,2021,7198481873.57489,9222536364.01272,0.742715395138262,7.46487321650835,88.3068737571235,11.4887674103283
481,MRT,2022,7687691068.95683,9557966698.25369,6.79600510182286,-0.61236174643426,102.025899125696,13.0805547159888
482,MRT,2023,8187943518.06282,10651709411.4594,6.50718719858594,3.37147741701096,91.4705715873539,11.7467180328524
483,MUS,2021,12257000314.8444,11484348857.8529,3.40379866177662,3.15720035090573,98.0000292393386,23.0286353994581
484,MUS,2022,13345407871.3997,12927979286.0453,8.87988519700977,9.56592044781137,118.339828499599,36.0722651778715
485,MUS,2023,14274019706.2322,14644524819.0054,6.95828740328457,8.507830178109,107.903855233762,36.4038237117409
486,MWI,2021,11426314939.8368,12378129750.9872,4.55829212016083,8.15296842929594,,8.5351262755807
487,MWI,2022,11531564448.5797,12429060150.742,0.921115069005936,17.1668303930955,,11.505953820187
488,MWI,2023,11749794461.0779,12712150082.0792,1.89245798756383,22.8067220172078,,11.5878852976887
489,MYS,2021,356134704342.139,373784823672.946,3.31534954399166,5.67593848764116,134.035994690727,15.6040448153495
490,MYS,2022,387694727478.777,407605841348.235,8.86182187578046,6.40348511820096,146.505418280787,18.9366911707701
491,MYS,2023,401479163711.428,399705169318.477,3.55548715410509,-1.87225562537837,132.064307278667,23.7344453205036
492,NAC,2021,22620877183850.0,25695929788464.2,5.99687628753878,4.56598550261971,28.4051151113957,6.28948341998656
493,NAC,2022,23211640827497.6,28176204349422.0,2.61158592059087,7.12948085421044,30.3787156958012,6.89043938180061
494,NAC,2023,23852818786502.6,29871321614401.4,2.7623120819851,3.59839135378053,28.5264942550064,6.94718771405119
495,NAM,2021,10707646943.9364,12402486183.6396,3.60382919248703,1.5343303300027,83.5443030923624,13.6295534843406
496,NAM,2022,11280470086.908,12567271004.6761,5.34966408559102,6.44785295155228,99.1081598746768,16.4120230334987
497,NAM,2023,11749736035.6202,12351025066.9131,4.159985754998,6.41362439275798,109.610472332402,24.6312325545853
498,NCL,2021,,10071349663.8484,-2.09999999762849,4.82764312949604,,
499,NCL,2022,,9623318718.31459,3.49999999631376,3.84571494150525,,
500,NER,2021,12821067681.4111,14915002436.069,1.38359636198477,3.11864597184903,37.0158935503713,9.96780688191743
501,NER,2022,14346774735.5026,15433852712.2963,11.9000000000277,4.01899997944746,31.3325137050778,10.3786787856377
502,NER,2023,14705444103.8902,16819170420.5653,2.49999999999999,3.38791792310056,30.4205057831798,
503,NGA,2021,518476715283.896,440833635873.827,3.64718654072446,10.1310336867347,,4.54889712712904
504,NGA,2022,535335926240.996,477403400101.174,3.25168140827093,11.3113349413983,,4.96106142701472
505,NGA,2023,550647684655.998,363846332834.618,2.86021499108364,12.6218692275514,,6.07883615278454
506,NIC,2021,14193856859.1735,14144060853.1362,10.3160912841791,3.54283387393042,106.695198216544,13.5089997257495
507,NIC,2022,14726450786.5827,15649897116.8965,3.75228475736668,8.77765225788374,115.339373850037,17.0710387425844
508,NIC,2023,15399335188.1835,17829218219.3591,4.56922317096145,10.6686540407565,104.868727663386,15.1335855941809
509,NLD,2021,872809728969.262,1054472123449.6,6.27683073230526,2.74734323804928,163.154842689698,44.7505843563603
510,NLD,2022,916513359627.026,1046540797548.64,5.00723459045037,6.15557492580412,184.107484252682,47.6751570268522
511,NLD,2023,917196718601.978,1154361305398.06,0.0745607216494903,7.343742684744,165.905457011481,47.0747301615739
512,NOR,2021,420836044228.583,503367986030.268,3.90868677689417,20.2134754838135,71.2227137759599,16.5538878562586
513,NOR,2022,433484840343.081,593726965415.619,3.00563516076298,28.1618243830717,82.6051865827872,18.4329201669746
514,NOR,2023,435564038441.666,485310823603.662,0.479647246011822,-10.6191584030873,79.6659319223642,22.8831445463835
515,NPL,2021,31325711777.1674,36924841394.2605,4.838149614115,6.76271216331268,43.0538047912219,6.39796401858321
516,NPL,2022,33089761145.0969,41182939600.67,5.63131455871746,8.24119195323605,48.9734014798843,7.9766821646747
517,NPL,2023,33735853500.29,40908073366.8455,1.95254463264347,5.41614518486134,41.6374947112488,9.61698541713114
518,NRU,2021,96978233.3230252,175513984.500084,7.20659466591439,18.0815764631453,110.560319021551,48.2136303641377
519,NRU,2022,99909532.5822959,156803087.302496,3.02263627499464,-10.8014231608239,164.734798471964,64.1702576352729
520,NRU,2023,100499697.867484,154170289.321861,0.590699675931191,5.37381833304376,141.359846842275,61.1639063097546
521,NZL,2021,210717394654.719,253644079784.977,4.54624763852878,4.57816245517681,48.5496455680671,9.2962858510381
522,NZL,2022,216564470789.24,246733522841.353,2.7748426484212,5.58708755877011,54.0869189811484,11.6456553353089
523,NZL,2023,218152542756.614,252175506110.168,0.733302171674978,4.75854916721366,51.0238621116228,13.8513342124201
524,OED,2021,52800277379962.5,59169601457959.2,5.92118433083402,2.76592557001649,55.7269603221793,14.2402643308885
525,OED,2022,54401582671069.4,60691333186116.5,3.0327592402281,6.50717150976458,63.1580202595915,15.7571295198895
526,OED,2023,55392228453809.7,64746562052056.7,1.82098706342816,6.00873959915159,58.650031480014,16.1246476456656
527,OMN,2021,82318780120.4001,87323797139.1417,2.5821749892893,12.1410502759484,92.0240648081963,13.0831485029373
528,OMN,2022,90202537058.2429,111943823146.944,9.5771061309605,16.9897185502658,100.584539895545,13.7153995940221
529,OMN,2023,91384587286.8628,108810923276.983,1.3104401130721,-4.05592540343423,,16.521827263515
530,OSS,2021,182882529288.149,212298327078.213,7.09373306348044,3.10055552394109,147.72239694216,64.4209091126182
531,OSS,2022,191819718347.122,228425738381.928,4.886846815691,7.26892420151597,163.80644023053,66.8526119200271
532,OSS,2023,197385978553.433,241086470734.391,2.90181856916189,3.82970232014782,151.549103075457,69.4224155800372
533,PAK,2021,381973779235.3,348516647445.148,6.51388575852702,10.2673420806694,27.030421558764,4.91544553913919
534,PAK,2022,400224894618.857,374890295666.694,4.7781068690358,13.9370112392938,33.031353478032,4.85678802851381
535,PAK,2023,400066035261.282,337912301397.727,-0.0396925228069165,25.9997683355601,28.6003112461277,5.08485870054201
536,PAN,2021,63238418924.7981,67396392500.0,16.4671249191559,1.41511725950885,80.1334635232887,21.9423446031626
537,PAN,2022,70048985344.8611,76276116700.0,10.769665870619,2.17180785976841,93.687178754867,27.330126573827
538,PAN,2023,75232121007.6293,83318176900.0,7.39930155626219,1.70673831397947,89.5330683837851,28.1183665101894
539,PER,2021,217085487224.893,226354278280.885,13.3552295093079,10.0831018285055,55.2742548782987,5.94511163169057
540,PER,2022,223002152647.317,246488757636.211,2.72550021563363,4.76646193670118,57.2510734358091,7.46549913739662
541,PER,2023,221775234260.737,267603248655.253,-0.55018230632048,6.56634363134418,50.909508314535,7.08423017795812
542,PHL,2021,378998555004.406,394087359848.11,5.71473313426225,2.2824784602486,63.4846098136712,13.4744722237564
543,PHL,2022,407730367724.121,404353369604.631,7.58098212785563,5.48864820202009,72.4296836107599,16.4085100782592
544,PHL,2023,430342487096.573,437146372729.942,5.54585117087767,4.59648506190769,67.3966204439887,17.8294465179059
545,PLW,2021,218291129.848716,235752906.25,-13.7938879740177,5.59286809408013,80.729821331736,21.7668578581945
546,PLW,2022,215413072.557436,255591062.5,-1.31844903330447,9.86330040028969,87.7375749396558,31.5085352407422
547,PLW,2023,219456526.283737,281849062.5,1.87706979817723,8.24167046557693,,
548,PNG,2021,23814388292.8563,26109413522.3081,-0.511353444150672,11.595270333527,,8.62399223309307
549,PNG,2022,25173614536.9108,31647277767.3976,5.70758411822096,15.0288207468673,,9.27800760226146
550,PNG,2023,25937811150.4123,30729242919.4411,3.03570475499642,-3.62211156973066,,8.06157923705026
551,POL,2021,605337233054.782,689170230665.35,6.92718266052501,5.34023602800748,110.874283021945,19.010107252241
552,POL,2022,637150470884.733,695607470875.276,5.25545697386036,10.689577427514,123.021332860345,21.9853877945801
553,POL,2023,638035044435.602,809200697797.088,0.138832754787188,9.54718862520608,110.466778966431,21.6265260863483
554,PRE,2021,1450205801511.39,1439355516489.74,3.19605415216569,6.64074341609775,,8.21985778192614
555,PRE,2022,1510362701048.16,1647527579588.04,4.14816293481037,7.91416641125198,,8.78598193366714
556,PRE,2023,1542591926809.2,1566942319113.72,2.13387325697838,3.92197888518862,,10.0212583421921
557,PRI,2021,92715228856.7798,106426600000.0,0.385222719529239,2.79963990475235,96.7441410324111,
558,PRI,2022,96023410438.3396,113567200000.0,3.56811024720668,3.03307902175796,98.5007114730309,
559,PRI,2023,96564521010.4364,117902300000.0,0.563519426800866,3.23545943820875,101.726938320966,
560,PRT,2021,214984151691.324,256055879091.139,5.55875752305435,2.01977632737365,85.8735452148975,20.405954847335
561,PRT,2022,230002604720.83,256898675068.927,6.98584193827881,5.32749894377305,101.364147310434,27.4979864776005
562,PRT,2023,235813117071.956,289114289663.542,2.52628110806764,6.90236590321598,93.7696270849558,28.2114369556936
563,PRY,2021,41964030301.4424,39950899938.7482,4.01673731780312,8.44812602664209,69.7422730211357,8.30911732923521
564,PRY,2022,42037903094.7486,41952910858.0846,0.176038366132886,8.05446050272607,73.7379050218566,10.8524195358977
565,PRY,2023,44019622007.0359,42956263543.9482,4.71412407945468,2.06875531020788,82.9887758742076,11.4781895002652
566,PSE,2021,15021700000.0,18109000000.0,7.01198227592003,8.95397174062261,73.0835496162129,14.5416082308534
567,PSE,2022,15635000000.0,19165500000.0,4.08276027347105,1.68265652739991,82.3949283869453,15.7698999474452
568,PSE,2023,14789000000.0,17420800000.0,-5.41093700031979,-3.90362226607192,86.3938510286554,16.5520728683931
569,PSS,2021,8901183466.72282,9552334875.22912,-2.6975312724781,2.47456266775067,76.7166195723468,20.0459767663419
570,PSS,2022,9715268608.62924,10339409999.0409,9.14580791363177,2.44798502613514,99.3658932159498,35.2513961171998
571,PSS,2023,10240406136.5469,11150695760.1484,5.40528058535874,6.1442403402407,,
572,PST,2021,49244517990855.6,55828871385191.0,5.64037131238418,2.7551375897485,57.3696451155794,14.2480612456331
573,PST,2022,50579346304791.6,57066750903167.4,2.71061301520687,6.32569953527321,64.5004217951286,15.8826311207688
574,PST,2023,51518547451179.3,60485245420468.7,1.85688668399959,5.81875394007432,60.2787369592627,16.311881844712
575,PYF,2021,5647511817.96257,6150640646.38319,2.09478896837454,0.198829632204649,51.6376084244727,
576,PYF,2022,5899733908.23199,5814661208.90544,4.46607459000271,1.79361104875255,67.2309662556929,
577,QAT,2021,164042828071.657,179732009554.846,1.62684672468288,22.4660221244491,92.7791585744,29.3137899402312
578,QAT,2022,170908036360.673,235709325708.341,4.18500971344966,25.8769173658359,100.213647202145,30.430943371891
579,QAT,2023,172936988054.474,213002809330.267,1.18715991184813,-10.6934814488438,,34.6100269297501
580,ROU,2021,221968423307.804,286578196368.297,5.5457096259051,5.61025509902417,86.6133494279219,19.0922585616193
581,ROU,2022,230770154206.928,296354358293.475,3.96530766311717,12.0919624576312,93.6215624887545,21.5366775761258
582,ROU,2023,236318495899.176,350775856415.189,2.40427177912809,12.7699377919606,83.0900673956751,20.3699498964973
583,RUS,2021,1502645054025.01,1843392293734.38,5.61429037578345,19.4115890615904,50.196441103259,7.12985567134732
584,RUS,2022,1471544636157.84,2266029240645.34,-2.06971152527731,16.7152740606271,43.2587048229719,5.28131444998448
585,RUS,2023,1524520243059.52,2021421476035.42,3.60000000000001,7.07360156603734,41.8285251825076,5.81903070907968
586,RWA,2021,11969881824.1057,11069280649.6459,10.8579677614975,2.85751132750647,54.6383114719509,11.2502894509967
587,RWA,2022,12946352833.8838,13316160895.0447,8.15773308481241,15.9144975139225,61.1450799962783,13.2084494636785
588,RWA,2023,14013299016.87,14097768472.1883,8.24128769450616,10.1301242308679,65.9840423400572,14.127626480861
589,SAS,2021,3598528699130.5,4079874340683.11,8.76361420829579,7.19536277510807,42.4703990902772,10.4479827380798
590,SAS,2022,3825711146764.84,4327392880815.64,6.31320371820946,7.49435251822787,47.4505168540273,12.4894721796328
591,SAS,2023,4085038610417.73,4494987381110.1,6.7785426997587,4.89510360030242,43.4092313015014,12.695232351901
592,SAU,2021,727553801683.839,874156000000.0,5.07511034987979,13.3007001530628,57.1428135634067,9.61887103236337
593,SAU,2022,782018364988.948,1108571466666.67,7.48598429134137,17.9839455619021,63.5136679204925,10.5504260127644
594,SAU,2023,776114792530.154,1067582933333.33,-0.754914810584665,-2.96488667496891,62.1270079002137,13.5373693242867
595,SDN,2021,48525909156.8784,34229513774.9936,-1.8685204827207,235.515443582343,4.12754863828426,8.77409380108307
596,SDN,2022,48061119947.9824,51666875363.0963,-0.957816591119183,116.874075405794,2.69883443585856,6.07809416683182
597,SDN,2023,38395271297.9345,109265503110.904,-20.1115759693272,213.72584787991,2.47372878246854,
598,SEN,2021,24359596784.117,27520784129.7508,6.54400109964304,1.44730627584974,69.3759939883832,18.4515413308284
599,SEN,2022,25291561739.5407,27619479059.6131,3.82586363675534,8.72786615579552,80.0330777056171,
600,SEN,2023,26450942459.8508,30848333083.7055,4.58406140454957,3.85182919223391,71.0045186879627,
601,SGP,2021,368871820049.825,434111559282.849,9.69076687082064,10.2637667092318,329.78497877736,122.008074710829
602,SGP,2022,383029403742.294,498474540987.78,3.83807678519807,13.4781380113655,332.981369857911,126.699242425998
603,SGP,2023,387147091448.002,501427500080.059,1.07503175095101,-3.06902994364776,311.240333622308,124.354943529649
604,SLB,2021,1474218469.89734,1522794913.0914,2.56434975416948,-5.504745457506,66.6394072717162,12.7019682882818
605,SLB,2022,1509636294.96603,1566360686.10632,2.40248143622522,2.01661207154767,78.0359309562018,18.442747062608
606,SLB,2023,1556129617.89488,1633319401.19414,3.07976981501386,3.88899446253055,,22.6170102977264
607,SLE,2021,8378218842.36525,7165214367.64956,5.8968527047094,7.43295884720851,42.1536156912291,4.77999433618454
608,SLE,2022,8823400076.25081,7119137321.90082,5.3135546141915,26.9524276570781,45.0667937946444,4.28663683741287
609,SLE,2023,9327218152.76882,6411869546.28929,5.7100218981806,29.2160488413443,55.8689763489874,6.10284958137372
610,SLV,2021,26571731219.3539,29043140000.0,11.9047617015957,4.14207468599355,81.8450759800765,18.5971998214036
611,SLV,2022,27315620697.1628,31988920000.0,2.79955216943868,7.143242839221,88.1547423295316,22.183421999519
612,SLV,2023,28274665875.3002,34015620000.0,3.51097706608982,2.7288450232809,80.9228818995509,22.8000844255534
613,SMR,2021,1604162946.37945,1855395999.76534,13.8977895076234,1.84143317836185,342.470174007962,91.3212241337492
614,SMR,2022,1730866817.58497,1831700577.08904,7.89844145767604,2.7646735234789,370.436071813414,94.9640040765801
615,SOM,2021,7976673824.29041,9483997404.25227,3.45822792939802,7.3886001174333,79.0932313826607,
616,SOM,2022,8194206836.48436,10202767269.9603,2.72711429582988,7.91416641125198,90.7598911643221,
617,SOM,2023,8539706089.18596,10968517090.0004,4.21638432609835,4.5724656131988,92.6861543505184,
618,SRB,2021,51022858874.9258,66159884072.5308,7.94905650472278,5.68404945078089,112.342298324945,25.3331037671062
619,SRB,2022,52365263375.3114,66797564758.339,2.63098644408841,10.5159219499465,131.93764235858,31.085059762047
620,SRB,2023,54380001764.6988,81342660752.3732,3.84747112784942,13.8402321392915,114.493948658228,30.7666780607323
621,SSA,2021,1867576739499.55,1933570427279.37,4.33003791419443,5.90670766327823,56.9191672940877,8.43993866429618
622,SSA,2022,1935794122169.01,2073339118621.98,3.65272179860958,8.66620854081535,60.5641545258739,9.3115568786119
623,SSA,2023,1989975181829.4,2042436971778.64,2.79890609439792,4.80427142532388,58.5923618825228,10.2019481462567
624,SSD,2021,,,,,,51.5105706815278
625,SSD,2022,,,,,,62.961470068126
626,SSD,2023,,,,,,63.02655083976
627,SSF,2021,1869264625978.87,1935057601074.18,4.3264986817543,5.63049185397639,57.0594720577623,8.54207421316498
628,SSF,2022,1937734800897.0,2075397087141.81,3.66294712725723,8.29018747603367,60.7044665440769,9.43883591115204
629,SSF,2023,1991977219275.31,2044578421949.78,2.79926945385927,4.73199714247384,58.731407794498,10.3670255862329
630,SST,2021,228990022558.652,258942107761.124,7.2026232150623,2.92731350035407,138.868364257311,59.7326383694003
631,SST,2022,247323900893.329,287505638394.077,8.00640924430741,5.71661624053541,154.880079998525,62.0992748519288
632,SST,2023,259198177241.786,305546743662.392,4.80110345404003,4.3740620157435,146.040359485083,67.2048666195373
633,STP,2021,317023957.753826,524402455.54816,1.89929891337832,5.16433588592962,,19.7573405317535
634,STP,2022,317558772.390522,540809499.189348,0.168698492216564,15.7806509935932,,23.9823713974294
635,STP,2023,318740893.733006,678976264.835436,0.372252775001456,21.6884761062027,,
636,SUR,2021,4309144555.20541,3107923197.96954,-2.43538583612838,62.0745334560841,,20.3951397345801
637,SUR,2022,4412832154.84564,3791603200.0259,2.40622235601218,49.4232837396802,,20.6549457496066
638,SUR,2023,4524898973.18059,3455146280.83975,2.53956675446825,32.2686064902092,,23.2906769115286
639,SVK,2021,102523269375.456,120592216208.386,5.72698854011892,2.24393114860719,181.857446230979,18.8772767678976
640,SVK,2022,102984289733.717,115928615553.286,0.449673875081572,7.48894730705902,203.850946665515,22.0369934933589
641,SVK,2023,104403760583.519,132908336234.295,1.37833727209444,10.1364912548588,182.314394044261,19.3409858443963
642,SVN,2021,51983646872.7637,61529280461.092,8.38965032094461,2.68996436135656,162.082728356416,28.2638542714711
643,SVN,2022,53386808992.5859,59927702746.2843,2.69923755687375,6.51715101546723,186.21959497631,32.8257472607549
644,SVN,2023,54514654364.7027,69148468417.3208,2.11259184318999,10.0501057520513,160.098444691588,31.6354747423608
645,SWE,2021,567227918052.988,637186904843.636,5.9375085730744,2.7406333444759,90.2779861793753,28.7452132687172
646,SWE,2022,575505409872.88,579895717343.956,1.45928850757269,5.78193714856063,105.855015275665,35.0931157442351
647,SWE,2023,573717486152.92,584960475767.32,-0.310670184725893,6.14906969650426,106.366026077394,37.2683135781637
648,SWZ,2021,4369384623.38277,4737671576.32851,3.39933858133693,0.167992453327443,,6.51723601747019
649,SWZ,2022,4366430077.90613,4695372785.0814,-0.0676192583464115,9.76589853061334,,8.1676689397609
650,SWZ,2023,4585402385.65415,4442875788.08505,5.01490471257054,1.62022800466512,,14.2782070735943
651,SXM,2021,1240255611.86927,1353071061.45251,4.57759677933345,4.64369866790126,,64.5931780515683
652,SXM,2022,1361800675.61738,1537088715.0838,9.80000111145777,3.46083611779808,,91.1167220092631
653,SXM,2023,1413549101.29084,1627776949.27374,3.8,2.02312138728323,,98.4965257366416
654,SYC,2021,1687886479.31967,1487173794.80528,0.552281631207279,2.75005993802337,183.77081501466,136.761915897699
655,SYC,2022,1940678727.9853,2057968519.83091,14.9768513322959,1.52239094163566,186.172111653646,130.633966466489
656,SYC,2023,2002037445.91069,2141450171.13932,3.16171435490999,-0.932509493159856,183.066894954317,132.753911522018
657,SYR,2021,15882796969.6273,14353205678.4991,1.85421590064124,118.274086326127,61.2204850955149,
658,SYR,2022,15999183136.0334,23622827079.5047,0.732781301861365,112.14365352308,35.6094680799956,
659,TCA,2021,874603454.301532,1045782453.5755,9.02549747146406,23.8242458240874,,
660,TCA,2022,928828863.968529,1228794382.95121,6.19999948551566,10.6403018542625,,
661,TCA,2023,939974780.106825,1402054390.94734,1.19999674543641,12.7470391990364,,
662,TCD,2021,10236539498.7594,11779981332.8631,-1.16918700397552,7.16657628897821,82.984776867047,
663,TCD,2022,10523606947.1486,12396807588.4082,2.80434074839411,15.145121891457,89.722949365026,
664,TCD,2023,10957423661.0644,13149325362.3347,4.12231962001739,-0.936604165489314,91.5770812839781,
665,TEA,2021,18585366744544.1,20824108313726.3,7.60200454123525,4.55232657897571,45.316513303507,5.07031887648988
666,TEA,2022,19214695642285.1,21098845523342.9,3.38615269954697,5.63837728809762,47.5551196301423,5.71787806516364
667,TEA,2023,20196064924249.8,21136712800814.7,5.10738915793692,4.09957635834306,45.5259732357451,6.26674972873899
668,TEC,2021,4350328682754.02,4642906015416.13,7.39199851749453,6.90051365787157,70.2485088939043,12.5659380319894
669,TEC,2022,4425605811352.67,5237811052696.8,1.7303779573498,12.0919624576312,73.2252536071502,13.227971968744
670,TEC,2023,4587133497442.34,5497903850286.88,3.64984350109363,7.98419924336682,66.0859866087078,14.0312875448065
671,TGO,2021,7415213717.65264,8342243645.94438,5.99087610392314,2.46636746396649,57.5850134996963,
672,TGO,2022,7842296104.31507,8169476148.95692,5.75954251521733,4.15581315078867,65.4877850146886,
673,TGO,2023,8344824333.95103,9171261837.57103,6.40792215636242,2.59456529883668,61.4273567726824,
674,THA,2021,439150043937.792,506256494297.34,1.56818176501186,1.77107226345396,117.144503626655,16.4652844419452
675,THA,2022,449965296578.7,495645210972.751,2.46276934050356,4.76699578735654,132.856382043634,20.533038492772
676,THA,2023,458457299263.157,514968699239.005,1.88725725050934,1.22023811822058,129.136262293384,23.7578842174442
677,TJK,2021,12499200274.9255,8937805347.13963,9.39999955037523,10.0445095549154,71.825937435383,7.59008365625609
678,TJK,2022,13499136339.2248,10713525200.3998,8.00000033846364,8.26227281475744,65.4355115893577,7.67891017149137
679,TJK,2023,14619564549.6174,12060602008.8478,8.29999921651935,2.18821998125314,,8.22349115770082
680,TKM,2021,51408146222.3962,50007428571.4286,6.20000001747076,2.77178000998204,33.0581170797482,
681,TKM,2022,54595451255.3951,58972000000.0,6.19999993621698,11.0418828298503,37.3609509597775,
682,TKM,2023,58035050718.9991,60628857142.8571,6.30015758549871,-3.2837127112537,34.0992738017257,
683,TLA,2021,5422918139380.32,5313451270078.42,7.25639388996416,4.75974433357869,52.7183065176447,7.30030898393743
684,TLA,2022,5639186879688.64,6049066571917.19,3.98805098564578,6.82104951744238,56.0743820917952,8.59152183645707
685,TLA,2023,5761673098749.85,6779682191342.68,2.17205461841291,4.5594542173226,47.9295146910763,8.17254391527124
686,TLS,2021,2721465328.86905,3624889700.0,5.363126627216,59.0838497110713,99.8674221728733,15.9603145163714
687,TLS,2022,2161272264.09507,3208594000.0,-20.584244040573,11.4585263071185,97.6219210034052,17.508385718956
688,TLS,2023,1769696988.71807,2079916900.0,-18.1178133769718,-20.8334380271277,89.3005917688346,23.6386074621949
689,TMN,2021,1632967485202.72,1534644180082.25,4.30904291844524,24.9972714331264,54.3128627038475,12.4784639610763
690,TMN,2022,1700020860647.3,1722755540109.65,4.10622844926141,24.9725481827151,63.4409273021396,14.1075176083511
691,TMN,2023,1754941215333.7,1653767249808.37,3.23056945698201,4.56452579428684,61.3771400342387,16.0435566431919
692,TON,2021,494041235.450787,518228012.09129,0.362601971842835,2.47456266775067,66.1742943253212,24.1242468257663
693,TON,2022,482629574.435204,518180042.241509,-2.30986002720401,2.07802980858338,75.3152309447865,30.4325762617922
694,TON,2023,,,,,,45.6460911999529
695,TSA,2021,3598528699130.5,4079874340683.1,8.76361420829579,7.19536277510807,42.4703990902772,10.4479827380798
696,TSA,2022,3825711146764.84,4327392880815.64,6.31320371820945,7.49435251822787,47.4505168540273,12.4894721796328
697,TSA,2023,4085038610417.73,4494987381110.1,6.77854269975873,4.89510360030242,43.4092313015014,12.695232351901
698,TSS,2021,1869264625978.87,1935057601074.18,4.32649868175427,5.63049185397639,57.0594720577624,8.54207421316498
699,TSS,2022,1937734800897.0,2075397087141.81,3.66294712725718,8.29018747603367,60.7044665440769,9.43883591115204
700,TSS,2023,1991977219275.31,2044578421949.78,2.79926945385928,4.73199714247384,58.731407794498,10.3670255862329
701,TTO,2021,21356182724.5042,24496397204.7176,-1.03742621022469,19.0933595979048,,11.1278428826085
702,TTO,2022,21672731505.4364,30053446092.0128,1.48223484044745,20.8145233815985,,13.5923201947611
703,TTO,2023,21964809529.1277,27372285697.9477,1.34767518168188,-10.183883266448,,12.1395332717195
704,TUN,2021,47020260421.799,46812290143.344,4.7363207484732,4.51678033390613,94.0959550633947,20.3938005476839
705,TUN,2022,48277261609.9968,44579761022.8993,2.67331821840567,3.05495595357709,112.441001996161,26.5146368243303
706,TUN,2023,48296165328.5233,48529595416.6533,0.0391565674939329,8.88763642233521,107.177771617081,29.997786689682
707,TUR,2021,1131775463573.96,819865223976.115,11.4393956926566,28.9730004765532,71.0824439613318,11.3030772973363
708,TUR,2022,1194401442556.95,907118434653.505,5.53342787492781,96.0361986700836,81.170129694525,14.7301603512268
709,TUR,2023,1255449309088.75,1118252964260.77,5.11116818488702,68.233934158098,66.2766047093165,13.8921160922381
710,TUV,2021,44813322.9441554,60196405.7138393,1.8041359113616,4.68476572711678,,56.0681378728337
711,TUV,2022,45116847.7756278,59065982.0873657,0.677309361438304,5.54755647980927,,59.5857952287343
712,TUV,2023,46855113.8352982,62280311.5852172,3.85280919517032,6.0040987048763,,
713,TZA,2021,64226431583.1539,70655628147.8986,4.32138429480482,2.67430327389397,29.9151840074048,6.68704576430668
714,TZA,2022,67159014151.451,75769974505.0106,4.56600576430955,2.76261483337198,35.0034517101994,9.53863493436463
715,TZA,2023,70563656177.7408,79062403820.892,5.06952353203394,2.74821189393757,38.2120348063445,10.8945868418724
716,UGA,2021,42210585952.7826,40529788748.6737,3.53658034070898,2.54511929619305,41.7136307424781,11.8855727317333
717,UGA,2022,44147216889.624,45565333210.9108,4.58802192181773,4.92228673099149,34.5053019270937,10.9116952702849
718,UGA,2023,46503341915.459,48768955863.3175,5.33697295511469,6.74801516641013,33.3416963302219,11.8554036809806
719,UKR,2021,101499127456.662,199765859570.935,3.44562065700251,24.8047567705188,82.69796136345,16.4247284648502
720,UKR,2022,72309415411.3627,161989520721.19,-28.7585842132117,34.9152851391436,87.3965139907244,27.3604118357035
721,UKR,2023,76159411195.0331,178757021965.008,5.32433537426355,18.4804556382296,78.0981136693013,23.3680330656755
722,UMC,2021,25538815903716.6,27390623700501.0,7.6079270718072,6.46020956710567,48.2023534301766,5.80609368601988
723,UMC,2022,26384548095052.6,28547068404946.9,3.31155600371014,9.56630364653237,51.3582045730557,6.68051550233743
724,UMC,2023,27548975484262.3,29440021018933.5,4.41329290543344,4.56377769107739,47.1346054493027,7.09420095427688
725,URY,2021,58984504648.2777,60760798595.5436,5.56189279343275,11.1806219609622,56.823738109386,13.6090000399898
726,URY,2022,61761057234.7987,70164683290.3776,4.70725761465232,4.24465355140362,58.8336177106898,16.9182549952501
727,URY,2023,61988013788.3355,77240830877.4597,0.3674751756175,3.4309701895517,51.7334881614305,17.0412753932406
728,USA,2021,20917853444668.3,23681171000000.0,6.05505293304576,4.56598550261971,25.2136560307765,5.80535903397683
729,USA,2022,21443388432051.0,26006893000000.0,2.51237531983308,7.12948085421044,26.891689830077,6.39429323602785
730,USA,2023,22062578283266.8,27720709000000.0,2.88755600906016,3.59839135378053,24.8993631439946,6.40239035733177
731,UZB,2021,117891622986.77,77340060003.0347,8.0346831263811,13.6929732776911,57.4589716973222,9.47403844251603
732,UZB,2022,124966702851.244,90095926567.4359,6.00134232206508,14.4626563512753,63.869253404655,12.9315156673994
733,UZB,2023,132828878427.498,101591769702.343,6.29141635081155,12.6585380276262,64.3773146420481,13.3906657656231
734,VCT,2021,837088394.191465,872225925.925926,0.75379707990075,-0.392447955296817,,22.8809640707449
735,VCT,2022,897022524.154038,966492592.592592,7.1598328657349,3.40404091410261,,39.1516843262963
736,VCT,2023,950988378.262938,1065962962.96296,6.01610914506236,4.03314414454677,,42.990860637226
737,VIR,2021,3950332443.97012,4507000000.0,3.66760707873814,2.80323919722554,180.297315287331,
738,VIR,2022,3898534418.35646,4672000000.0,-1.31123206333498,5.03826726070469,205.629280821918,
739,VNM,2021,332245562394.77,366474752771.009,2.55372852648131,2.88076792900642,186.675832836814,6.57262193858432
740,VNM,2022,359235578724.112,410324028883.325,8.12351446767343,4.05124231712631,183.789541097223,9.98113615511546
741,VNM,2023,377364153384.169,429716969043.572,5.0464307361882,1.90623130183931,166.323605042338,11.3891243599081
742,VUT,2021,808309120.924144,950394006.532514,-1.55229489129462,0.699715546543558,61.8209434451996,26.6434155930998
743,VUT,2022,823796784.515562,1022219297.50335,1.9160570121628,11.2255171861908,70.7641815853524,30.1368821653109
744,VUT,2023,842026927.667832,1126313359.21923,2.21294177094788,11.3100213269124,,
745,WLD,2021,87927472715845.2,97848299706454.8,6.35008957640493,4.6247133783946,57.0687708983123,12.3217189403665
746,WLD,2022,90774582977538.8,101770911729948.0,3.23802126201738,7.18712218501408,62.8436421258839,13.6429974556246
747,WLD,2023,93346688686736.9,106171667873321.0,2.83350870346007,4.75854916721366,58.5116196221062,14.2450121012288
748,WSM,2021,843511966.584963,843923638.733018,-7.07883094291508,-0.401252917375643,60.8888856520264,19.1135859058667
749,WSM,2022,798752767.864439,832945205.637185,-5.30629089966979,5.63837728809762,64.9831803274504,29.1861349963968
750,WSM,2023,867318434.065608,938189443.830393,8.58409121817338,8.71088435704601,90.6574805627022,46.3139930095336
751,XKX,2021,7912108452.01596,9413403724.01899,10.7456560819583,6.11553993082821,98.6384304855253,34.8154145738485
752,XKX,2022,8250627929.71309,9354903061.8898,4.27849895827543,7.1987107549258,110.012031619226,40.4107163583588
753,XKX,2023,8586232700.23679,10468219225.4869,4.06762701436438,4.56377769107739,109.951862936486,44.533763555974
754,ZAF,2021,354021006263.537,420886877628.703,4.95503259440756,6.53869058287115,56.0347138372399,5.39794159639842
755,ZAF,2022,360788046853.641,406920004594.074,1.91147996033504,4.99247138395964,64.7830021330108,7.57350446209282
756,ZAF,2023,363308097945.479,380699271814.508,0.698485194788034,4.80427142532388,65.1800955487645,8.62567930364422
757,ZMB,2021,24879098747.8861,22096416932.0089,6.23492204726448,25.1427776148297,86.2085111934645,8.28401205018956
758,ZMB,2022,26175604214.1895,29163782140.4858,5.21122360356247,6.14031838965083,69.2973154193203,9.68287439865228
759,ZMB,2023,27580695690.34,27577956471.244,5.36794285493059,7.09462960303757,78.2418870451485,9.56914554843951
760,ZWE,2021,20618836217.7637,27240515108.8049,8.46801689759531,113.294980646573,50.8471283664568,4.33605261779807
761,ZWE,2022,21884680855.3787,32789751736.3323,6.13926326513234,266.987151680516,64.7636081351322,5.7641803096259
762,ZWE,2023,23052607292.3638,35231367885.8554,5.33673049519527,921.535651645931,50.7949638890976,5.7783920184415
